#SCU1.ForceA.Engineering value [kN],SCU1.Encoder.Engineering value [mm]
6.44E-05,-0.00014877319
-0.00035485625,-0.00012207031
0.0047333539,-0.00035476685
-0.0019494593,-0.00037384033
0.0038549006,-0.00023651123
-0.0031343997,-0.00017547607
0.0032961667,-0.00083351135
-0.0074582994,0.00011253357
0.0077533424,-0.00021743774
-0.0063996017,-0.0002155304